word,tfidf
dataset,0.7166305592453475
datum,0.34020276082711337
summary,0.20097386967959271
sheet,0.1853889965894155
transformation,0.16221537201573855
team,0.11586812286838469
february,0.11586812286838469
internal,0.1096221107343233
transparency,0.10661020791577311
organization,0.10661020791577311
well,0.08874854630272523
collaboration,0.07995765593682984
use,0.07395712191893769
digital,0.07308140715621554
detail,0.07308140715621554
ensure,0.07308140715621554
researcher,0.0695208737210308
report,0.0695208737210308
quality,0.0695208737210308
key,0.0656248559707902
practice,0.06142547650674406
consistency,0.06142547650674406
classification,0.06142547650674406
provide,0.05916569753515015
information,0.05916569753515015
data,0.05916569753515015
include,0.05916569753515015
enhance,0.05481105536716165
update,0.04921864197809264
processing,0.04921864197809264
content,0.04921864197809264
origin,0.04634724914735387
documentation,0.04634724914735387
essential,0.04634724914735387
facilitate,0.04634724914735387
crucial,0.04634724914735387
history,0.04634724914735387
structure,0.044374273151362616
time,0.044374273151362616
enable,0.044374273151362616
file,0.04095031767116271
industry,0.04095031767116271
importance,0.04095031767116271
potential,0.04095031767116271
record,0.04095031767116271
effectively,0.04095031767116271
characteristic,0.04095031767116271
benefit,0.04095031767116271
maintenance,0.03654070357810777
understand,0.03654070357810777
purpose,0.03654070357810777
field,0.03654070357810777
format,0.03654070357810777
indicator,0.03654070357810777
source,0.0328124279853951
overview,0.0328124279853951
across,0.0328124279853951
good,0.0328124279853951
improve,0.0328124279853951
support,0.0328124279853951
follow,0.029582848767575075
work,0.029582848767575075
element,0.029582848767575075
reference,0.029582848767575075
step,0.029582848767575075
model,0.029582848767575075
parquet,0.026652551978943277
iii,0.026652551978943277
handling,0.026652551978943277
pipeline,0.026652551978943277
regulatory,0.026652551978943277
reliability,0.026652551978943277
responsible,0.026652551978943277
stakeholder,0.026652551978943277
streamline,0.026652551978943277
vital,0.026652551978943277
usability,0.026652551978943277
maximize,0.026652551978943277
tracking,0.026652551978943277
insight,0.026652551978943277
layout,0.026652551978943277
json,0.026652551978943277
abbreviation,0.026652551978943277
log,0.026652551978943277
foundation,0.026652551978943277
communication,0.026652551978943277
department,0.026652551978943277
business,0.026652551978943277
csv,0.026652551978943277
contextual,0.026652551978943277
efficiency,0.026652551978943277
cleaning,0.026652551978943277
dependency,0.026652551978943277
concise,0.026652551978943277
compliance,0.026652551978943277
guideline,0.026652551978943277
governance,0.026652551978943277
natural,0.023173624573676936
brief,0.023173624573676936
complementary,0.023173624573676936
completeness,0.023173624573676936
permission,0.023173624573676936
reuse,0.023173624573676936
predictive,0.023173624573676936
conclusion,0.023173624573676936
refresh,0.023173624573676936
preprocesse,0.023173624573676936
specification,0.023173624573676936
metadata,0.023173624573676936
proper,0.023173624573676936
contact,0.023173624573676936
promote,0.023173624573676936
big,0.023173624573676936
restriction,0.023173624573676936
advancement,0.023173624573676936
unique,0.023173624573676936
document,0.023173624573676936
efficiently,0.023173624573676936
innovation,0.023173624573676936
utility,0.023173624573676936
developer,0.023173624573676936
act,0.023173624573676936
usage,0.023173624573676936
guidance,0.023173624573676936
guide,0.023173624573676936
identifier,0.023173624573676936
serve,0.020475158835581354
specific,0.020475158835581354
experiment,0.020475158835581354
everyone,0.020475158835581354
implement,0.020475158835581354
accuracy,0.020475158835581354
storage,0.020475158835581354
play,0.020475158835581354
category,0.020475158835581354
validate,0.020475158835581354
define,0.020475158835581354
structured,0.020475158835581354
offer,0.020475158835581354
definition,0.020475158835581354
tag,0.020475158835581354
miss,0.020475158835581354
assist,0.020475158835581354
owner,0.020475158835581354
methodology,0.020475158835581354
suitable,0.020475158835581354
attribute,0.020475158835581354
volume,0.018270351789053885
algorithm,0.018270351789053885
asset,0.018270351789053885
role,0.018270351789053885
science,0.018270351789053885
testing,0.018270351789053885
code,0.018270351789053885
clear,0.018270351789053885
user,0.018270351789053885
version,0.018270351789053885
verify,0.018270351789053885
variable,0.018270351789053885
utilize,0.018270351789053885
understanding,0.018270351789053885
quickly,0.018270351789053885
period,0.018270351789053885
production,0.018270351789053885
maintain,0.018270351789053885
develop,0.018270351789053885
management,0.018270351789053885
language,0.018270351789053885
name,0.018270351789053885
objective,0.018270351789053885
outline,0.018270351789053885
decision,0.018270351789053885
industrial,0.018270351789053885
frequency,0.018270351789053885
link,0.018270351789053885
comprehensive,0.018270351789053885
recognition,0.018270351789053885
condition,0.01640621399269755
tool,0.01640621399269755
machine,0.01640621399269755
require,0.01640621399269755
relate,0.01640621399269755
application,0.01640621399269755
learning,0.01640621399269755
reduce,0.01640621399269755
area,0.01640621399269755
method,0.01640621399269755
metric,0.01640621399269755
search,0.01640621399269755
selection,0.01640621399269755
collection,0.01640621399269755
sensor,0.01640621399269755
case,0.01640621399269755
error,0.01640621399269755
possible,0.01640621399269755
change,0.01640621399269755
cover,0.01640621399269755
range,0.01640621399269755
within,0.01640621399269755
context,0.01640621399269755
requirement,0.01640621399269755
introduction,0.014791424383787537
image,0.014791424383787537
access,0.014791424383787537
often,0.014791424383787537
long,0.014791424383787537
unit,0.014791424383787537
description,0.014791424383787537
need,0.014791424383787537
performance,0.014791424383787537
choose,0.014791424383787537
standard,0.014791424383787537
high,0.014791424383787537
size,0.014791424383787537
help,0.014791424383787537
